Coordinator ID,Department,Name,EmailID,Mobile,Address,Password
CS1103,CS,Ethan Quintero,ethan_quintero@quintero.com.au,882809492,East Damboring,6608
ME1083,ME,Tricia Peressini,tperessini@yahoo.com,843261560,Pintharuka,6623
ME1072,ME,Gerry Mohrmann,gerry_mohrmann@mohrmann.net.au,813992471,Brockman,6701
AE1009,AE,Jean Cecchinato,jean.cecchinato@gmail.com,852632786,Koolan Island,6733
CS1027,CS,Laurene Bennett,laurene_bennett@gmail.com,829692908,North Perth,6906
CS1006,CS,Emelda Geffers,emelda.geffers@gmail.com,870973947,Nedlands,6909
ME1001,ME,Paulina Maker,paulina_maker@maker.net.au,883448929,Maylands,6931
CS1028,CS,Mertie Kazeck,mertie.kazeck@kazeck.com.au,854756162,Guildford,6935
PH1019,PH,Rosendo Jelsma,rosendo_jelsma@hotmail.com,877124785,Applecross,6953
ME1060,ME,Reiko Dejarme,rdejarme@dejarme.net.au,837335261,Bentley Dc,6983
ME1033,ME,Candra Deritis,candra@deritis.net.au,342313633,Battery Point,7004
ME1048,ME,Ashton Sutherburg,asutherburg@gmail.com,392153224,South Hobart,7004
ME1022,ME,Ronald Gayner,rgayner@hotmail.com,377349557,University Of Tasmania,7005
PH1062,PH,Kris Medich,kris.medich@hotmail.com,365892556,Shannon,7030
PH1022,PH,Kenny Leicht,kenny@leicht.com.au,362408274,Nicholls Rivulet,7112
EE1038,EE,Buffy Stitely,buffy_stitely@stitely.com.au,316005230,Police Point,7116
CS1051,CS,Robt Blanck,robt.blanck@yahoo.com,365179318,Woodbury,7120
AE1002,AE,Marica Tarbor,marica.tarbor@hotmail.com,311746817,Rosegarland,7140
AE1016,AE,Melinda Fellhauer,melinda_fellhauer@fellhauer.com.au,343873800,Wayatinah,7140
PH1065,PH,Dorathy Miskelly,dorathy.miskelly@gmail.com,363409772,Westerway,7140
PH1087,PH,Frederick Tamburello,frederick.tamburello@hotmail.com,348007102,Simpsons Bay,7150
AE1093,AE,Bettye Meray,bmeray@yahoo.com,394242956,Middleton,7163
PH1016,PH,Leandro Bolka,leandro_bolka@hotmail.com,381574609,Wattle Hill,7172
EE1050,EE,Linwood Wessner,linwood.wessner@hotmail.com,360532447,Saltwater River,7186
PH1085,PH,Karon Etzler,karon@hotmail.com,366988416,Buckland,7190
PH1067,PH,Luis Yerry,luis@hotmail.com,344924927,Summerhill,7250
PH1025,PH,Matilda Peleg,matilda.peleg@hotmail.com,311305685,Weymouth,7252
CS1052,CS,Page Entzi,page@entzi.net.au,324845500,Blue Rocks,7255
AE1013,AE,Dortha Vrieze,dortha@vrieze.net.au,319816209,White Hills,7258
PH1024,PH,Ariel Stavely,ariel_stavely@stavely.com.au,365104788,Scottsdale,7260
PH1006,PH,Laura Bourbonnais,laura.bourbonnais@yahoo.com,365436688,Cape Portland,7264
AE1034,AE,Kanisha Reyelts,kreyelts@yahoo.com,329218418,Holwell,7275
ME1084,ME,Margurite Okon,margurite.okon@hotmail.com,397217313,Lanena,7275
ME1027,ME,Phung Krome,pkrome@yahoo.com,396175392,Longford,7301
AE1088,AE,Julene Lauretta,julene.lauretta@gmail.com,310369594,Mole Creek,7304
CS1034,CS,Amos Limberg,alimberg@limberg.com.au,345399131,Don,7310
AE1000,AE,Rebbecca Didio,rebbecca.didio@didio.com.au,381749123,Leith,7315
PH1015,PH,Brittney Lolley,brittney@lolley.net.au,340727094,Ulverstone,7315
EE1058,EE,Shawn Weibe,shawn@hotmail.com,394809611,Camena,7316
AE1020,AE,Alonso Popper,alonso_popper@hotmail.com,370367071,Ridgley,7321
EE1092,EE,Ashleigh Rimmer,ashleigh.rimmer@hotmail.com,353549557,Boat Harbour Beach,7321
EE1022,EE,Lajuana Vonderahe,lajuana.vonderahe@yahoo.com,356612424,Trowutta,7330
