Roll Number,Email,Mobile,Address,Password,Sex,Department,Year,Name,CPI,Coordinator ID
110CS1005,kristian@yahoo.com,827481250,Wanguri,810,F,CS,4,Kristian Ellerbusch,7.43,CS1034
10DEE1037,rossana.biler@biler.net.au,898552125,Lee Point,810,F,EE,5,Rossana Biler,7.34,EE1038
110PH1042,annita.lek@lek.net.au,833843181,Karama,812,M,PH,4,Annita Lek,6.06,PH1016
110CS1087,louis.brueck@brueck.net.au,852283628,Larrakeyah,820,M,CS,4,Louis Brueck,8.95,CS1006
110EE1097,blatina@hotmail.com,885067259,Larrakeyah,820,M,EE,4,Barb Latina,5.97,EE1022
110PH1031,lorenza.schoenleber@schoenleber.com.au,880817779,Humpty Doo,836,M,PH,4,Lorenza Schoenleber,9.29,PH1022
110EE1057,kwasp@wasp.net.au,816839243,Adelaide River,846,M,EE,4,Keshia Wasp,4.07,EE1050
10DCS1043,wenona@gmail.com,228321545,Grosvenor Place,1220,F,CS,5,Wenona Carmel,7.4,CS1052
110PH1036,dhaag@hotmail.com,297182944,Sydney South,1235,M,PH,4,Deane Haag,5.57,PH1015
10DAE1091,nmckenna@yahoo.com,250592649,Botany,1455,M,AE,5,Nenita Mckenna,9.89,AE1088
10DME1000,mayra.bena@gmail.com,214556085,Lane Cove,1595,M,ME,5,Mayra Bena,6.51,ME1048
10DME1021,samuel.arellanes@arellanes.net.au,279956787,Lane Cove,1595,M,ME,5,Samuel Arellanes,4.86,ME1083
110EE1053,princess_saffo@hotmail.com,226566234,Auburn,1835,M,EE,4,Princess Saffo,8.2,EE1058
10DAE1073,michael_orehek@gmail.com,219191709,Millers Point,2000,F,AE,5,Michael Orehek,8.61,AE1013
10DME1062,casandra_gordis@gordis.com.au,258086388,Chippendale,2008,M,ME,5,Casandra Gordis,9.52,ME1022
110CS1042,lprez@prez.com.au,274638776,Waterloo,2017,M,CS,4,Leonor Prez,8.93,CS1051
10DAE1083,bernadine_elamin@yahoo.com,218158700,Waverley,2024,F,AE,5,Bernadine Elamin,9.14,AE1009
110PH1008,cherilyn_fraize@fraize.net.au,248731914,Rose Bay North,2030,M,PH,4,Cherilyn Fraize,5.06,PH1065
110ME1030,katie_magro@gmail.com,272659702,Pagewood,2035,F,ME,4,Katie Magro,6.35,ME1022
10DEE1095,bapodace@gmail.com,256303114,Middle Cove,2068,M,EE,5,Beckie Apodace,4.38,EE1092
110CS1101,nderenzis@hotmail.com,255736627,Berowra Heights,2082,F,CS,4,Nickole Derenzis,8.11,CS1006
10DEE1005,olobosco@hotmail.com,250461307,Dangar Island,2083,M,EE,5,Oren Lobosco,9.69,EE1022
110ME1063,fidelia_dampier@gmail.com,280359997,Dangar Island,2083,M,ME,4,Fidelia Dampier,6.78,ME1022
110AE1012,lou.kriner@hotmail.com,273283350,Seaforth,2092,M,AE,4,Lou Kriner,8.51,AE1088
10DCS1080,lachelle.andrzejewski@andrzejewski.com.au,234169617,Cherrybrook,2126,M,CS,5,Lachelle Andrzejewski,5.79,CS1006
110CS1116,aide.ghera@ghera.com.au,237387508,Rhodes,2138,F,CS,4,Aide Ghera,4.15,CS1027
10DEE1067,tommy@hotmail.com,254441961,Concord West,2138,F,EE,5,Tommy Gennusa,9.74,EE1058
110EE1036,nfritch@fritch.com.au,226121455,Girraween,2145,M,EE,4,Novella Fritch,4.68,EE1022
110ME1051,sherman@mahmud.com.au,226213361,Harris Park,2150,F,ME,4,Sherman Mahmud,4.56,ME1033
110CS1032,madelyn.maestri@yahoo.com,221298131,Rouse Hill,2155,F,CS,4,Madelyn Maestri,5.49,CS1006
110PH1027,ben_kellman@kellman.net.au,279689243,Berrilee,2159,M,PH,4,Ben Kellman,8.74,PH1016
110AE1049,sharita_kruk@gmail.com,273864544,Merrylands,2160,M,AE,4,Sharita Kruk,5.94,AE1034
110CS1068,mcove@hotmail.com,280108344,Cabramatta,2166,F,CS,4,Maryrose Cove,4.63,CS1052
10DCS1057,johanna@yahoo.com,259701748,Campsie,2194,F,CS,5,Johanna Saffer,6.92,CS1051
10DCS1090,kweyman@weyman.com.au,270918948,Kingsway West,2208,M,CS,5,Kimberely Weyman,8.47,CS1052
10DPH1041,claudia@gmail.com,242463092,Lilli Pilli,2229,M,PH,5,Claudia Gawrych,4.41,PH1085
110ME1037,german@gmail.com,223933289,Woronora,2232,M,ME,4,German Dones,5.44,ME1084
110EE1007,rupert_hinkson@hinkson.net.au,271602066,East Gosford,2250,F,EE,4,Rupert Hinkson,6.28,EE1050
110EE1010,darnell_moothart@yahoo.com,239969188,Empire Bay,2257,F,EE,4,Darnell Moothart,5.07,EE1050
110AE1090,cordie.meikle@hotmail.com,287274906,Hamlyn Terrace,2259,M,AE,4,Cordie Meikle,6.05,AE1088
110ME1002,camellia_pylant@gmail.com,251714345,Tuggerawong,2259,M,ME,4,Camellia Pylant,9.34,ME1084
110ME1009,jamal_korczynski@gmail.com,238779654,Bateau Bay,2261,M,ME,4,Jamal Korczynski,4.27,ME1084
110CS1048,holley.worland@hotmail.com,298859593,Blue Haven,2262,F,CS,4,Holley Worland,8.74,CS1051
10DPH1061,julio@gmail.com,256329914,Gorokan,2263,M,PH,5,Julio Puccini,7.72,PH1016
10DCS1016,ltovmasyan@tovmasyan.net.au,225465344,Boolaroo,2284,M,CS,5,Lauran Tovmasyan,7.69,CS1027
10DPH1026,jacklyn@hotmail.com,262878787,Summer Hill,2287,M,PH,5,Jacklyn Wojnar,6.98,PH1085
110CS1004,ndaleo@daleo.net.au,253226127,Kotara Fair,2289,M,CS,4,Norah Daleo,4.72,CS1103
10DEE1061,anastacia@yahoo.com,260783417,Waratah West,2298,F,EE,5,Anastacia Carranzo,4.36,EE1038
110AE1027,lurion@yahoo.com,247946673,Bar Beach,2300,M,AE,4,Lashawn Urion,9.58,AE1088
10DCS1082,dorinda_markoff@hotmail.com,265299317,Mayfield East,2304,M,CS,5,Dorinda Markoff,6.16,CS1028
110EE1100,fgudgel@gudgel.com.au,225018301,Halton,2311,F,EE,4,Florinda Gudgel,6.46,EE1050
110AE1051,keva.moehring@moehring.net.au,291874769,Salamander Bay,2317,M,AE,4,Keva Moehring,5.97,AE1016
110CS1069,della.selestewa@gmail.com,248858382,Gillieston Heights,2321,F,CS,4,Della Selestewa,6.23,CS1034
110AE1057,karima_cheever@hotmail.com,259778561,Woodberry,2322,M,AE,4,Karima Cheever,8.66,AE1013
110CS1078,verdell.garness@yahoo.com,262917620,Thornton,2322,M,CS,4,Verdell Garness,6.04,CS1027
10DME1076,micheal.ocken@ocken.net.au,298284921,Freemans Waterhole,2323,M,ME,5,Micheal Ocken,7.22,ME1033
10DEE1048,jerrod_luening@luening.com.au,295549632,Tea Gardens,2324,F,EE,5,Jerrod Luening,9.61,EE1022
110CS1113,ramonita_picotte@yahoo.com,243608467,Weston,2326,F,CS,4,Ramonita Picotte,4.95,CS1034
110PH1048,tori@tepley.net.au,224931870,Uarbry,2329,F,PH,4,Tori Tepley,8.77,PH1085
10DME1069,jodi@hotmail.com,261935184,Dural,2330,F,ME,5,Jodi Naifeh,8.17,ME1027
10DME1018,elliot.scatton@hotmail.com,236479507,Mccullys Gap,2333,M,ME,5,Elliot Scatton,6.15,ME1001
10DME1085,veronika.buchauer@buchauer.net.au,242025191,Willow Tree,2339,M,ME,5,Veronika Buchauer,4.13,ME1072
10DAE1048,tamekia_kajder@yahoo.com,274988576,West Tamworth,2340,M,AE,5,Tamekia Kajder,4.55,AE1009
110PH1018,rosamond.amlin@gmail.com,280075034,Calala,2340,M,PH,4,Rosamond Amlin,9.01,PH1062
110AE1008,janessa@yahoo.com,223676845,Bolivia,2372,M,AE,4,Janessa Ruthers,8.4,AE1002
110CS1063,qweissbrodt@weissbrodt.com.au,272399923,Premer,2381,F,CS,4,Quinn Weissbrodt,5.07,CS1027
110EE1104,julio.mikel@mikel.net.au,269959902,Pilliga,2388,M,EE,4,Julio Mikel,6.43,EE1022
110EE1074,winifred.kingshott@yahoo.com,253181342,Marshdale,2420,F,EE,4,Winifred Kingshott,9.56,EE1022
10DME1039,colene.tolbent@tolbent.net.au,243761104,Gloucester,2422,F,ME,5,Colene Tolbent,6.92,ME1083
110PH1074,swisenbaker@wisenbaker.net.au,229574812,Allworth,2425,F,PH,4,Santos Wisenbaker,9.34,PH1024
10DEE1026,patria.popa@gmail.com,265223993,Killabakh,2429,F,EE,5,Patria Popa,6.4,EE1058
110EE1102,desmond@hotmail.com,217068506,Caparra,2429,M,EE,4,Desmond Amuso,5.21,EE1092
110PH1007,ben.majorga@hotmail.com,281719051,Wherrol Flat,2429,M,PH,4,Ben Majorga,8.26,PH1016
110ME1067,clarence.gabbert@gmail.com,247761384,Verges Creek,2440,F,ME,4,Clarence Gabbert,5.4,ME1083
10DAE1010,carlota.gephardt@gephardt.com.au,250784389,Kundabung,2441,F,AE,5,Carlota Gephardt,5.65,AE1013
110PH1055,crista_padua@gmail.com,294725814,North Haven,2443,F,PH,4,Crista Padua,9.7,PH1006
10DCS1015,genevive@hotmail.com,262465711,Bellangry,2446,F,CS,5,Genevive Sanborn,4.31,CS1028
110ME1065,victor@laroia.net.au,281566969,Scotts Head,2447,F,ME,4,Victor Laroia,9.87,ME1072
10DCS1025,johnson@gmail.com,217184983,Nambucca Heads,2448,F,CS,5,Johnson Mcenery,7.12,CS1103
10DCS1010,krebich@rebich.net.au,249723570,Sawtell,2452,F,CS,5,Keena Rebich,9.42,CS1051
110PH1081,magda_lindbeck@yahoo.com,237133646,Emerald Beach,2456,F,PH,4,Magda Lindbeck,7.06,PH1067
110CS1091,earlean.suffern@suffern.net.au,296532199,Woodford,2463,M,CS,4,Earlean Suffern,8.77,CS1103
110AE1070,ksarkissian@yahoo.com,234902407,Chatsworth,2469,M,AE,4,Karol Sarkissian,4.44,AE1009
110ME1020,tegan_ebershoff@hotmail.com,266049720,Coombell,2470,F,ME,4,Tegan Ebershoff,7.59,ME1033
110CS1053,hester_dollins@gmail.com,216226412,The Risk,2474,F,CS,4,Hester Dollins,9.64,CS1006
110EE1070,aalerte@alerte.com.au,269747785,Grevillia,2474,F,EE,4,Alica Alerte,8.87,EE1022
110AE1082,fredric@hotmail.com,218271736,Wardell,2477,F,AE,4,Fredric Johanningmeie,5.21,AE1034
10DEE1103,temeka.bodine@gmail.com,225817479,Clunes,2480,M,EE,5,Temeka Bodine,5.62,EE1058
110AE1087,jesus.liversedge@hotmail.com,244185927,Broken Head,2481,M,AE,4,Jesus Liversedge,5.94,AE1093
110EE1020,annice_kunich@kunich.net.au,267696153,Tyagarah,2481,M,EE,4,Annice Kunich,5.21,EE1092
10DPH1043,emikovec@mikovec.com.au,298292371,Ocean Shores,2483,M,PH,5,Eliseo Mikovec,7.46,PH1006
110PH1049,nancey@whal.net.au,232483283,Cudgera Creek,2484,M,PH,4,Nancey Whal,9.81,PH1062
110ME1011,rolf_gene@gene.com.au,244582810,Flinders,2529,F,ME,4,Rolf Gene,4.21,ME1083
110PH1089,sherrell_sprowl@hotmail.com,240744461,Oak Flats,2529,F,PH,4,Sherrell Sprowl,8.43,PH1087
110PH1046,barabara@amedro.net.au,234496894,Yallah,2530,M,PH,4,Barabara Amedro,8.66,PH1087
110AE1042,reuben@yahoo.com,214025215,Milton,2538,F,AE,4,Reuben Hegland,8.72,AE1088
10DAE1071,wava.ochs@gmail.com,212227812,Bawley Point,2539,M,AE,5,Wava Ochs,5.98,AE1034
10DEE1073,rodrigo_schuh@gmail.com,238694096,Burrier,2540,F,EE,5,Rodrigo Schuh,6.86,EE1050
110EE1080,scot.jarva@jarva.com.au,296764462,Kingswood,2550,F,EE,4,Scot Jarva,6.42,EE1038
110ME1050,emmanuel@yahoo.com,219878525,Appin,2560,F,ME,4,Emmanuel Avera,6.67,ME1001
110AE1078,isreal_calizo@gmail.com,234943282,Wombeyan Caves,2580,M,AE,4,Isreal Calizo,4.34,AE1002
110CS1084,dana_vock@yahoo.com,266891150,Yarralumla,2600,M,CS,4,Dana Vock,8.59,CS1052
10DPH1091,soledad_mockus@yahoo.com,212918182,Barton,2600,M,PH,5,Soledad Mockus,8.42,PH1015
10DME1003,rnybo@nybo.net.au,253117778,Red Hill,2603,F,ME,5,Roy Nybo,6.42,ME1027
110EE1040,alothridge@hotmail.com,219193941,Civic Square,2608,M,EE,4,Annamae Lothridge,8.97,EE1022
110PH1073,katheryn_lamers@gmail.com,248851611,Fyshwick,2609,F,PH,4,Katheryn Lamers,6.01,PH1019
110PH1077,gpecot@hotmail.com,280813883,Gundaroo,2620,F,PH,4,Gracia Pecot,4.44,PH1022
110CS1000,gerardo_woodka@hotmail.com,260444682,Talmalmo,2640,F,CS,4,Gerardo Woodka,6.79,CS1051
110CS1031,son.magnotta@magnotta.net.au,223767653,Collingullie,2650,M,CS,4,Son Magnotta,9.33,CS1006
110EE1098,onita.milbrandt@milbrandt.com.au,211573829,Wagga Wagga South,2650,M,EE,4,Onita Milbrandt,8.15,EE1022
110CS1046,stephania.connon@connon.com.au,257255992,Gumly Gumly,2652,M,CS,4,Stephania Connon,6.74,CS1006
110PH1063,katy_saltourides@yahoo.com,230031369,Junee,2663,M,PH,4,Katy Saltourides,4.89,PH1062
110AE1018,rebeca_baley@hotmail.com,270497728,Mirrool,2665,M,AE,4,Rebeca Baley,6.19,AE1009
110EE1079,alysa@hotmail.com,213853480,Trungley Hall,2666,M,EE,4,Alysa Lehoux,7.43,EE1058
110AE1085,anna.ovit@hotmail.com,246495341,Bygalorie,2669,F,AE,4,Anna Ovit,5.35,AE1020
10DPH1010,craig_vandersloot@yahoo.com,254877528,Bygalorie,2669,M,PH,5,Craig Vandersloot,4.86,PH1024
110ME1013,francene.skursky@skursky.net.au,259413178,Hillston,2675,M,ME,4,Francene Skursky,4.9,ME1027
110PH1070,arlie.borra@gmail.com,212113823,Morundah,2700,M,PH,4,Arlie Borra,8.07,PH1085
110CS1054,susana.baumgarter@yahoo.com,254105137,Yanco,2703,F,CS,4,Susana Baumgarter,9.55,CS1028
10DCS1023,jacquelyne.rosso@yahoo.com,245656425,Caldwell,2710,M,CS,5,Jacquelyne Rosso,9.94,CS1034
110CS1110,marsha@farnham.com.au,254028024,Glenmore Park,2745,F,CS,4,Marsha Farnham,5.72,CS1103
110ME1073,moverbough@overbough.com.au,279472980,Penrith,2750,M,ME,4,Magnolia Overbough,7.09,ME1022
10DAE1086,shawnta@woodhams.com.au,257708546,Oakhurst,2761,F,AE,5,Shawnta Woodhams,7.78,AE1093
110AE1054,sgoodness@goodness.net.au,222082711,Maraylya,2765,F,AE,4,Sanjuana Goodness,8.76,AE1093
110EE1025,deischens@gmail.com,277396600,Bell,2786,M,EE,4,Dorian Eischens,7.6,EE1022
10DEE1091,annalee.graleski@hotmail.com,261188773,Darbys Falls,2793,F,EE,5,Annalee Graleski,6.03,EE1092
110CS1061,jbiasi@biasi.net.au,250952983,Duramana,2795,F,CS,4,Jonell Biasi,4.05,CS1028
110CS1064,aliza@yahoo.com,293247803,Forest Reefs,2798,F,CS,4,Aliza Akiyama,9.99,CS1006
110PH1002,ena_desjardiws@desjardiws.com.au,252269402,Bendick Murrell,2803,M,PH,4,Ena Desjardiws,4.37,PH1087
110PH1005,htaghon@taghon.net.au,216384380,Eugowra,2806,M,PH,4,Hayley Taghon,7.72,PH1015
110AE1003,rtabar@hotmail.com,235187078,Arthurville,2820,M,AE,4,Reita Tabar,4.39,AE1009
110EE1075,bdiciano@diciano.com.au,235667608,Dripstone,2820,F,EE,4,Bettina Diciano,5.51,EE1050
10DAE1094,jvonstaden@gmail.com,282229319,Ilford,2850,M,AE,5,Jeannetta Vonstaden,7.64,AE1088
110PH1093,lenora@delacruz.net.au,278625151,Turill,2850,M,PH,4,Lenora Delacruz,8.73,PH1022
110ME1049,elmer@hotmail.com,210754690,Forbes,2871,F,ME,4,Elmer Redlon,8.7,ME1027
10DCS1056,cdigregorio@digregorio.net.au,279225417,Condobolin,2877,F,CS,5,Cassie Digregorio,5.13,CS1103
110CS1079,jamie@kushnir.net.au,246238120,Tuggeranong Dc,2901,M,CS,4,Jamie Kushnir,5.62,CS1052
110CS1011,lavonne.esco@yahoo.com,334742120,East Melbourne,3002,M,CS,4,Lavonne Esco,8.87,CS1028
10DCS1088,eguenther@hotmail.com,327491381,Docklands,3008,M,CS,5,Ellsworth Guenther,9.82,CS1103
110EE1047,terina_wildeboer@wildeboer.com.au,391077349,Seddon,3011,M,EE,4,Terina Wildeboer,8.95,EE1038
10DAE1063,laine@gmail.com,328136426,Braybrook,3019,F,AE,5,Laine Killean,4.93,AE1013
110EE1089,rosenda@gmail.com,395994122,Caroline Springs,3023,F,EE,4,Rosenda Petteway,6.29,EE1058
10DAE1037,arthur@gmail.com,325173453,Travancore,3032,F,AE,5,Arthur Diniz,7.75,AE1000
110AE1096,christene@hotmail.com,336302467,Keilor Downs,3038,M,AE,4,Christene Cisney,9.93,AE1000
10DCS1037,raelene@gmail.com,348781766,Oak Park,3046,F,CS,5,Raelene Legeyt,6.95,CS1006
10DEE1023,shayduk@gmail.com,322979891,Regent West,3072,M,EE,5,Shizue Hayduk,4.86,EE1058
10DPH1021,ivette_servantes@servantes.com.au,398019429,Reservoir,3073,M,PH,5,Ivette Servantes,4.23,PH1019
110ME1014,zdaria@gmail.com,328228156,Ivanhoe East,3079,M,ME,4,Zena Daria,8.01,ME1060
110AE1039,sweigner@gmail.com,389125755,Heidelberg Rgh,3081,M,AE,4,Sang Weigner,9.02,AE1002
10DEE1044,fsenters@gmail.com,359337288,Heidelberg Rgh,3081,F,EE,5,Francis Senters,8.64,EE1050
10DCS1062,antonio.eighmy@yahoo.com,361447318,Eaglemont,3084,F,CS,5,Antonio Eighmy,9.11,CS1034
110ME1035,mdecelles@decelles.net.au,351856258,Eltham,3095,F,ME,4,Miesha Decelles,6.71,ME1060
10DPH1037,javier@osmer.com.au,383696924,Doncaster East,3109,F,PH,5,Javier Osmer,4.72,PH1022
10DCS1026,eveline@yahoo.com,395179800,Camberwell West,3124,M,CS,5,Eveline Brickhouse,4.57,CS1051
110EE1078,marylou_lofts@lofts.com.au,317654584,Houston,3128,M,EE,4,Marylou Lofts,8.83,EE1058
110ME1032,farrah@malboeuf.com.au,371396376,Ringwood,3134,F,ME,4,Farrah Malboeuf,7.88,ME1022
110CS1041,emcquaide@yahoo.com,314658645,Boronia,3155,M,CS,4,Edda Mcquaide,4.73,CS1052
110ME1046,whermens@hermens.net.au,390855714,Oakleigh South,3167,F,ME,4,Werner Hermens,4.4,ME1027
110CS1108,burma.noa@gmail.com,364384586,Ripponlea,3185,M,CS,4,Burma Noa,4.12,CS1034
10DCS1067,denae_saeteun@hotmail.com,328027434,Moorabbin Airport,3194,F,CS,5,Denae Saeteun,9.8,CS1027
110EE1086,alberta_motter@hotmail.com,312488221,Port Melbourne,3207,F,EE,4,Alberta Motter,5.04,EE1050
110EE1031,nikita_novosel@novosel.net.au,357161053,Hamlyn Heights,3215,M,EE,4,Nikita Novosel,6.46,EE1038
10DEE1081,jackie_borchelt@hotmail.com,380558668,Grovedale,3216,M,EE,5,Jackie Borchelt,7.46,EE1092
110EE1015,breana@yahoo.com,323058627,Stonehaven,3221,F,EE,4,Breana Cassi,5.26,EE1092
110PH1069,kathrine@yahoo.com,387919436,Indented Head,3223,F,PH,4,Kathrine Francoise,7.07,PH1085
110PH1076,mthaxton@gmail.com,340101900,Forrest,3236,F,PH,4,Ming Thaxton,5.96,PH1085
110PH1023,iraida.sionesini@yahoo.com,348125654,Modewarre,3240,F,PH,4,Iraida Sionesini,6.03,PH1019
10DAE1047,lettie_hessenthaler@hessenthaler.net.au,358555156,Wurdiboluc,3241,M,AE,5,Lettie Hessenthaler,8.28,AE1020
110EE1003,gjulye@hotmail.com,370636734,Alvie,3249,F,EE,4,Gwen Julye,7.18,EE1038
10DCS1083,omega.mangino@hotmail.com,366235501,Gnotuk,3260,M,CS,5,Omega Mangino,5.13,CS1027
10DCS1094,jospeh.couzens@couzens.com.au,384517537,Panmure,3265,M,CS,5,Jospeh Couzens,4.68,CS1103
10DEE1045,dahlia.tummons@gmail.com,382168640,Port Fairy,3284,F,EE,5,Dahlia Tummons,4.46,EE1022
110ME1054,lynelle.koury@koury.net.au,352138219,Digby,3309,F,ME,4,Lynelle Koury,5.03,ME1084
10DME1044,dducos@hotmail.com,313618465,Cavendish,3314,M,ME,5,Delsie Ducos,4.22,ME1084
10DEE1012,jeniffer@gmail.com,332685102,Myrniong,3341,F,EE,5,Jeniffer Jezek,4.65,EE1022
110EE1014,millie_pirkl@gmail.com,360232680,Sovereign Hill,3350,M,EE,4,Millie Pirkl,6.37,EE1058
110ME1007,shaun.rael@rael.com.au,389985485,Buninyong,3357,M,ME,4,Shaun Rael,7.76,ME1083
110CS1075,juan@gmail.com,391736140,Clunes,3370,M,CS,4,Juan Knudtson,4.31,CS1052
110EE1028,swhelpley@yahoo.com,351756193,Minyip,3392,F,EE,4,Silvana Whelpley,9.4,EE1050
110EE1054,ora.handrick@gmail.com,383574617,Rocklands,3401,M,EE,4,Ora Handrick,4.39,EE1022
10DEE1041,tien_kinney@kinney.com.au,377676169,Lillimur,3420,M,EE,5,Tien Kinney,4.38,EE1038
10DPH1083,wai.raddle@raddle.com.au,348113832,Carlsruhe,3442,F,PH,5,Wai Raddle,4.77,PH1024
110ME1079,clement@hotmail.com,327754083,Golden Point,3451,M,ME,4,Clement Chee,7,ME1022
110EE1033,dvollstedt@vollstedt.com.au,367761146,Muckleford South,3462,F,EE,4,Dean Vollstedt,4.18,EE1022
110EE1084,cleveston@gmail.com,325748915,Daisy Hill,3465,F,EE,4,Chara Leveston,8.41,EE1092
10DPH1029,lashonda@langanke.net.au,398387533,Simson,3465,F,PH,5,Lashonda Langanke,6.83,PH1019
10DCS1098,ikueter@kueter.com.au,337256290,Amphitheatre,3468,F,CS,5,Isaiah Kueter,9.35,CS1006
110ME1034,andrew@gmail.com,352513153,Carwarp,3494,M,ME,4,Andrew Keks,5.6,ME1072
110EE1062,irving@hotmail.com,390502741,Cullulleraine,3496,F,EE,4,Irving Plocica,5.06,EE1050
110EE1083,lina@yahoo.com,336085660,Koorlong,3501,F,EE,4,Lina Schwiebert,6.59,EE1038
110EE1085,pansy_todesco@gmail.com,332334255,Tarnagulla,3551,M,EE,4,Pansy Todesco,4.13,EE1058
10DAE1007,apoarch@gmail.com,326911298,Fosterville,3557,M,AE,5,Aleta Poarch,9.45,AE1093
110CS1017,brigette@breckenstein.com.au,357223451,Caniambo,3630,F,CS,4,Brigette Breckenstein,6.28,CS1051
110AE1067,eeverline@hotmail.com,353555505,Kialla East,3631,F,AE,4,Eleonore Everline,8.07,AE1093
110PH1017,geraldine@gmail.com,382432999,Katunga,3640,M,PH,4,Geraldine Neisius,6.22,PH1025
10DCS1076,adaline.galagher@galagher.com.au,232251954,Barooga,3644,F,CS,5,Adaline Galagher,8,CS1052
110AE1032,felix.bumby@bumby.com.au,314313996,Baddaginnie,3670,F,AE,4,Felix Bumby,4.99,AE1016
110EE1049,gracie.vicente@hotmail.com,324448291,Oxley,3678,M,EE,4,Gracie Vicente,5.85,EE1092
110AE1033,skye_culcasi@hotmail.com,390753104,Barnawartha,3688,M,AE,4,Skye Culcasi,4.93,AE1034
110PH1038,henriette.gish@gish.net.au,399355135,Baranduda,3691,F,PH,4,Henriette Gish,9.04,PH1025
110EE1030,inocencia.angeron@angeron.net.au,362682647,Tawonga,3697,M,EE,4,Inocencia Angeron,5.11,EE1038
110ME1070,marilynn.herrera@herrera.net.au,314477041,Tawonga,3697,M,ME,4,Marilynn Herrera,8.25,ME1022
10DCS1106,delbert.houben@hotmail.com,315606800,Mitta Mitta,3701,F,CS,5,Delbert Houben,9.97,CS1103
110EE1024,carman_robasciotti@hotmail.com,315709956,Granya,3701,M,EE,4,Carman Robasciotti,7.38,EE1022
110ME1025,carylon@gmail.com,388587088,Alexandra,3714,M,ME,4,Carylon Bayot,4.05,ME1083
10DEE1088,glynda@sanzenbacher.com.au,310517865,Kinglake West,3757,F,EE,5,Glynda Sanzenbacher,5.67,EE1092
10DCS1036,haley_vaughn@vaughn.net.au,370356484,Montrose,3765,M,CS,5,Haley Vaughn,8.79,CS1051
10DPH1080,georgeanna@silverstone.net.au,374166750,Steels Creek,3775,M,PH,5,Georgeanna Silverstone,7.15,PH1062
110EE1068,marcos_seniff@gmail.com,363405010,Emerald,3782,F,EE,4,Marcos Seniff,8.11,EE1058
10DME1016,felicitas_orlinski@orlinski.com.au,324511896,Emerald,3782,F,ME,5,Felicitas Orlinski,5.8,ME1083
110CS1066,lore@hotmail.com,387803473,Kallista,3791,F,CS,4,Lore Brothers,9.88,CS1027
10DPH1040,malcom@leja.com.au,324779133,Officer,3809,F,PH,5,Malcom Leja,8.89,PH1067
110EE1072,pa_badgero@badgero.com.au,318615074,Pakenham Upper,3810,M,EE,4,Pa Badgero,9.47,EE1058
110CS1114,artie_saine@yahoo.com,334572524,Cora Lynn,3814,F,CS,4,Artie Saine,4.34,CS1006
110AE1031,jesus_merkt@merkt.net.au,393419757,Licola,3858,F,AE,4,Jesus Merkt,9.58,AE1016
110ME1015,reta.qazi@yahoo.com,319749948,Maffra,3860,M,ME,4,Reta Qazi,9.61,ME1048
110CS1029,gianna@yahoo.com,343285253,Buchan,3885,F,CS,4,Gianna Eilers,7.57,CS1006
110AE1021,alonzo_polek@polek.net.au,324037167,Tubbut,3888,F,AE,4,Alonzo Polek,6.6,AE1009
110AE1035,hector.barras@barras.com.au,330178394,Combienbar,3889,M,AE,4,Hector Barras,8.95,AE1002
110ME1078,gabriele_frabotta@gmail.com,326896049,Ensay,3895,M,ME,4,Gabriele Frabotta,5.8,ME1033
110CS1097,tamala_hickie@yahoo.com,336952399,Benambra,3900,F,CS,4,Tamala Hickie,5.43,CS1027
110PH1013,kristin@hotmail.com,345297210,Somers,3927,M,PH,4,Kristin Shiflet,5.74,PH1024
110EE1064,fschimke@schimke.com.au,348295695,Mount Martha,3934,F,EE,4,Frederic Schimke,7.1,EE1022
110ME1005,bnicley@nicley.com.au,364432786,Fish Creek,3959,M,ME,4,Barrie Nicley,8.28,ME1033
110CS1013,lynda.lazzaro@gmail.com,349334205,Macks Creek,3971,M,CS,4,Lynda Lazzaro,8.1,CS1028
110AE1060,sabrina_rabena@hotmail.com,356623542,Bayles,3981,F,AE,4,Sabrina Rabena,5.61,AE1016
110CS1035,dexter@prosienski.net.au,324546523,Nyora,3987,M,CS,4,Dexter Prosienski,4.57,CS1052
110ME1053,lawana_yuasa@yuasa.net.au,323243472,Cape Paterson,3995,F,ME,4,Lawana Yuasa,7.2,ME1033
110PH1012,selm@elm.net.au,391839493,Woolamai,3995,F,PH,4,Selma Elm,6.33,PH1085
10DPH1088,cfowlkes@hotmail.com,790325149,Waterfront Place,4001,F,PH,5,Catrice Fowlkes,8.32,PH1065
110AE1069,arleen.kane@hotmail.com,734762066,Eagle Farm,4009,M,AE,4,Arleen Kane,8.93,AE1002
110CS1003,rose@jebb.net.au,749419471,Wooloowin,4030,M,CS,4,Rose Jebb,4.29,CS1034
10DPH1068,glory_carlo@gmail.com,792657183,Grange,4051,F,PH,5,Glory Carlo,6.51,PH1025
110AE1014,veda.mishkin@mishkin.com.au,760342422,Stafford Heights,4053,F,AE,4,Veda Mishkin,6.19,AE1093
110AE1019,merrilee@fajen.net.au,791041459,Upper Kedron,4055,F,AE,4,Merrilee Fajen,8.06,AE1088
110EE1065,ryann@hotmail.com,799203550,Milton,4064,M,EE,4,Ryann Riston,7.47,EE1050
110EE1004,zana_ploszaj@ploszaj.net.au,779918880,Auchenflower,4066,F,EE,4,Zana Ploszaj,6.94,EE1092
110ME1010,honey_lymaster@lymaster.net.au,780872603,Taringa,4068,F,ME,4,Honey Lymaster,5.45,ME1083
10DME1023,nfitz@hotmail.com,774452572,Oxley,4075,M,ME,5,Nida Fitz,9.81,ME1027
110AE1081,aender@gmail.com,775385504,Greenslopes,4120,M,AE,4,Adelaide Ender,6.06,AE1034
110EE1019,tabetha.bai@gmail.com,768136477,Upper Mount Gravatt,4122,F,EE,4,Tabetha Bai,5.4,EE1092
110AE1030,tashia.charney@charney.net.au,776595711,Shailer Park,4128,M,AE,4,Tashia Charney,5.3,AE1002
110ME1057,adrianna@poncio.com.au,761139653,Bethania,4205,M,ME,4,Adrianna Poncio,5.81,ME1084
110AE1089,shantell.lizama@gmail.com,753465917,Logan Village,4207,F,AE,4,Shantell Lizama,9.6,AE1009
110CS1039,wilford_pata@pata.net.au,774452538,Ashmore,4214,M,CS,4,Wilford Pata,4.81,CS1103
110AE1075,theresia_salomone@gmail.com,782502277,Bundall,4217,F,AE,4,Theresia Salomone,7.5,AE1088
110PH1071,carli@yahoo.com,753547251,Elanora,4221,F,PH,4,Carli Bame,8.61,PH1087
110EE1056,dante_freiman@freiman.net.au,719644238,Varsity Lakes,4227,F,EE,4,Dante Freiman,5.74,EE1058
110PH1060,gkazemi@kazemi.net.au,764443666,Varsity Lakes,4227,M,PH,4,Gladis Kazemi,5.37,PH1087
10DEE1066,paris.kinnison@gmail.com,745184450,Eastern Heights,4305,F,EE,5,Paris Kinnison,5.14,EE1050
10DCS1059,jackie.kellebrew@kellebrew.com.au,798406419,Coominya,4311,M,CS,5,Jackie Kellebrew,6.68,CS1028
10DME1008,pboudrie@boudrie.net.au,744637223,Minden,4311,M,ME,5,Pearlene Boudrie,9.87,ME1072
110AE1092,dtaketa@taketa.net.au,722092731,Lower Cressbrook,4313,M,AE,4,Dorethea Taketa,4.28,AE1009
110AE1006,trina@oto.com.au,711538567,Placid Hills,4343,F,AE,4,Trina Oto,7.02,AE1016
10DCS1002,amira.chudej@chudej.net.au,781353271,Rockside,4343,F,CS,5,Amira Chudej,4.36,CS1027
110EE1001,shawna.albrough@albrough.com.au,779776039,Ringwood,4343,F,EE,4,Shawna Albrough,8.61,EE1038
110ME1043,dylan_chaleun@hotmail.com,723192889,Lilydale,4344,F,ME,4,Dylan Chaleun,7.44,ME1060
110CS1014,leigha.capelli@capelli.com.au,748239785,East Toowoomba,4350,F,CS,4,Leigha Capelli,9.74,CS1052
110CS1047,malcolm@yahoo.com,798263950,Southtown,4350,M,CS,4,Malcolm Gohlke,6.81,CS1027
110ME1019,gerri@yahoo.com,760197861,Toowoomba South,4350,F,ME,4,Gerri Perra,7.92,ME1027
110CS1093,linette.summerfield@hotmail.com,774897577,Crows Nest,4355,M,CS,4,Linette Summerfield,8.9,CS1051
110PH1057,gerald@yahoo.com,742974607,Pierces Creek,4355,M,PH,4,Gerald Kloepper,8.02,PH1024
10DCS1092,adelsoin@yahoo.com,773698849,Bongeen,4356,F,CS,5,Alfreda Delsoin,8.8,CS1006
110PH1003,vince_siena@yahoo.com,731849989,Purrawunda,4356,M,PH,4,Vince Siena,4.86,PH1085
110EE1011,alease_strawbridge@strawbridge.com.au,737601546,Ascot,4359,M,EE,4,Alease Strawbridge,4.06,EE1050
110PH1092,major@gmail.com,713776898,Allora,4362,F,PH,4,Major Studwell,8.67,PH1087
110ME1029,nicholle_hulme@hulme.com.au,771444719,Whetstone,4387,M,ME,4,Nicholle Hulme,5.5,ME1033
110AE1095,bea_iida@iida.net.au,769849278,Oakey,4401,M,AE,4,Bea Iida,4.29,AE1020
10DME1066,ines_tokich@tokich.net.au,750177337,Bunya Mountains,4405,M,ME,5,Ines Tokich,5.94,ME1083
110AE1005,fstoneking@hotmail.com,737219123,Warra,4411,M,AE,4,Fanny Stoneking,8.06,AE1034
110AE1059,msimco@gmail.com,710373391,Brigalow,4412,M,AE,4,Mica Simco,5.63,AE1020
110ME1059,muriel_drozdowski@hotmail.com,756868088,Durham Downs,4454,M,ME,4,Muriel Drozdowski,9.42,ME1083
110CS1109,ruth.niglio@hotmail.com,751288956,Orange Hill,4455,F,CS,4,Ruth Niglio,7.32,CS1006
110EE1032,hailey_kopet@kopet.com.au,737991667,Tanbar,4481,M,EE,4,Hailey Kopet,7.77,EE1022
110AE1024,louann_susmilch@yahoo.com,750354889,Wyandra,4489,M,AE,4,Louann Susmilch,9.86,AE1009
110CS1115,miles@hotmail.com,785615894,Barringun,4490,F,CS,4,Miles Feldner,6.25,CS1006
110CS1044,mose_vonseggern@hotmail.com,757698004,Hungerford,4493,F,CS,4,Mose Vonseggern,8.38,CS1027
110ME1064,lynette.beaureguard@hotmail.com,766793722,Tarawera,4494,F,ME,4,Lynette Beaureguard,9.52,ME1048
110EE1071,fgong@gong.com.au,785166453,Weengallon,4497,M,EE,4,Felicitas Gong,8.99,EE1038
110ME1004,rosina_sidhu@gmail.com,764604488,Burpengary,4505,F,ME,4,Rosina Sidhu,6.61,ME1072
110PH1059,emeline@gmail.com,772406480,Elimbah,4516,M,PH,4,Emeline Sotelo,4.44,PH1022
110PH1014,kent_ivans@yahoo.com,786614016,Camp Mountain,4520,F,PH,4,Kent Ivans,7.94,PH1022
10DCS1060,mabelle.ramero@ramero.net.au,788576463,Aroona,4551,F,CS,5,Mabelle Ramero,7.61,CS1006
110CS1012,kflitcroft@hotmail.com,717789968,Maleny,4552,M,CS,4,Katlyn Flitcroft,7.18,CS1006
10DAE1040,anthony.stever@hotmail.com,770928542,Hunchy,4555,M,AE,5,Anthony Stever,9.25,AE1020
10DEE1090,lacey.francis@francis.net.au,741193981,Hunchy,4555,F,EE,5,Lacey Francis,8.21,EE1058
110PH1004,mbewley@yahoo.com,793877293,Mapleton,4560,F,PH,4,Maybelle Bewley,6.81,PH1025
110PH1090,stephaine_manin@yahoo.com,720316566,Eumundi,4562,M,PH,4,Stephaine Manin,5.21,PH1062
110EE1029,iyurick@hotmail.com,795956042,Pacific Paradise,4564,M,EE,4,Isadora Yurick,4.27,EE1058
110AE1038,tijuana_mesch@gmail.com,714159307,Corella,4570,F,AE,4,Tijuana Mesch,6.18,AE1034
110ME1075,twanna@yahoo.com,752357319,Upper Glastonbury,4570,F,ME,4,Twanna Sieber,4.8,ME1027
10DCS1007,caguele@gmail.com,764761399,Sunny Nook,4605,F,CS,5,Catherin Aguele,6.52,CS1027
110AE1004,albert.sonier@gmail.com,793542612,Inverlaw,4610,M,AE,4,Albert Sonier,6.85,AE1093
110AE1050,julieta@yahoo.com,742176258,Kingaroy,4610,M,AE,4,Julieta Cropsey,9.86,AE1013
10DPH1000,stevie.hallo@hotmail.com,799973366,Proston,4613,F,PH,5,Stevie Hallo,7.24,PH1016
110AE1029,aprudhomme@hotmail.com,790538045,Tarong,4615,M,AE,4,Alpha Prudhomme,6.54,AE1088
110EE1101,deeann_nicklous@gmail.com,763825073,Pimpimbudgee,4615,F,EE,4,Deeann Nicklous,7.84,EE1022
10DME1045,wilbert@hotmail.com,791786430,East Nanango,4615,F,ME,5,Wilbert Beckes,9.6,ME1072
110PH1047,ardella.dieterich@yahoo.com,735819462,Runnymede,4615,M,PH,4,Ardella Dieterich,6.39,PH1015
110CS1072,ira.zihal@yahoo.com,747249987,Degilbo,4621,M,CS,4,Ira Zihal,8.78,CS1027
10DPH1052,jill_davoren@davoren.net.au,716989047,Boynewood,4626,M,PH,5,Jill Davoren,4.61,PH1065
10DPH1035,ling_dibello@yahoo.com,713306750,Beelbi Creek,4659,F,PH,5,Ling Dibello,9.28,PH1015
110AE1052,mary.dingler@gmail.com,739634469,Bundaberg North,4670,F,AE,4,Mary Dingler,4.19,AE1002
110EE1017,npawell@pawell.net.au,789978513,Bundaberg West,4670,F,EE,4,Nilsa Pawell,8.47,EE1038
10DME1071,jamey.tetter@gmail.com,760735039,Bundaberg West,4670,M,ME,5,Jamey Tetter,9.8,ME1083
110PH1039,vanesa@glockner.com.au,770524547,Taragoola,4680,M,PH,4,Vanesa Glockner,6.76,PH1025
110EE1051,sheninger@yahoo.com,795122457,Bluff,4702,F,EE,4,Samira Heninger,8.91,EE1050
110AE1017,thuro@gmail.com,719516787,Pacific Heights,4703,M,AE,4,Tracie Huro,4.54,AE1013
110AE1046,torie_deras@yahoo.com,783714719,Yeppoon,4703,F,AE,4,Torie Deras,4.98,AE1009
10DPH1028,mickie.upton@yahoo.com,776475420,Barmaryee,4703,M,PH,5,Mickie Upton,9.74,PH1067
10DME1028,lindy@vandermeer.com.au,794079202,Emu Park,4710,F,ME,5,Lindy Vandermeer,8.88,ME1033
10DCS1112,tbakey@bakey.com.au,759221983,Duaringa,4712,M,CS,5,Trina Bakey,4.36,CS1006
10DAE1080,jlaprade@laprade.net.au,726279976,Mungabunda,4718,M,AE,5,Julian Laprade,6.3,AE1093
10DEE1008,luz_broccoli@hotmail.com,726791774,Glenmoral,4719,F,EE,5,Luz Broccoli,8.47,EE1038
10DCS1009,suzan.landa@gmail.com,715761412,Clermont,4721,F,CS,5,Suzan Landa,8.81,CS1006
110EE1013,kirby.litherland@hotmail.com,752843845,Alligator Creek,4740,M,EE,4,Kirby Litherland,7.6,EE1092
110ME1056,desmond_tarkowski@hotmail.com,767935954,Andergrove,4740,M,ME,4,Desmond Tarkowski,5.47,ME1048
10DME1080,cherri_miccio@gmail.com,756267937,Balnagowan,4740,F,ME,5,Cherri Miccio,8.77,ME1084
110AE1011,alida@helger.com.au,716423251,Pinnacle,4741,F,AE,4,Alida Helger,4.92,AE1016
110CS1024,jepps@hotmail.com,780858351,Coppabella,4741,M,CS,4,Jonelle Epps,8.34,CS1051
10DCS1104,dana@ladeau.net.au,735119233,Pinnacle,4741,F,CS,5,Dana Ladeau,4.01,CS1052
110CS1105,tomas_fults@fults.net.au,715364805,Mirani,4754,M,CS,4,Tomas Fults,9.79,CS1028
110CS1019,dan_platz@hotmail.com,743061623,Brandy Creek,4800,F,CS,4,Dan Platz,8.89,CS1006
110CS1058,gerald@chrusciel.net.au,774466315,Townsville Milpo,4813,F,CS,4,Gerald Chrusciel,8.72,CS1052
10DME1006,lgedman@gedman.net.au,747853781,Kennedy,4816,F,ME,5,Linsey Gedman,7.06,ME1033
110PH1011,aaron_kloska@kloska.net.au,798964827,Brookhill,4816,M,PH,4,Aaron Kloska,4.86,PH1025
10DPH1030,nidia@gmail.com,784418214,Paluma,4816,M,PH,5,Nidia Horr,7.51,PH1022
110CS1055,osvaldo.falvey@yahoo.com,748545045,Queenton,4820,F,CS,4,Osvaldo Falvey,5.65,CS1051
110PH1045,lillian@hotmail.com,735946592,Julia Creek,4823,F,PH,4,Lillian Dominique,8.41,PH1024
110PH1075,dannette@gmail.com,787384205,Breakaway,4825,M,PH,4,Dannette Heimbaugh,9.79,PH1016
110CS1111,josefa_oakland@oakland.com.au,754046221,Mccutcheon,4856,F,CS,4,Josefa Oakland,6.01,CS1052
10DAE1065,svugteveen@vugteveen.net.au,731038372,Etty Bay,4858,M,AE,5,Shawn Vugteveen,8.9,AE1000
110AE1055,abreyer@hotmail.com,754179612,Daradgee,4860,M,AE,4,Annette Breyer,4.37,AE1093
10DCS1033,wdevol@devol.net.au,749635297,Goondi Hill,4860,F,CS,5,William Devol,4.44,CS1028
110AE1061,elenor.siefken@yahoo.com,750858138,Cairns City,4870,F,AE,4,Elenor Siefken,5.78,AE1009
110AE1043,anglea.andrion@andrion.com.au,732392830,Laura,4871,F,AE,4,Anglea Andrion,5.15,AE1088
10DCS1074,mleriche@yahoo.com,754861002,Glen Boughton,4871,F,CS,5,Misty Leriche,4.06,CS1103
110ME1024,lcalamarino@yahoo.com,753784498,Croydon,4871,M,ME,4,Ludivina Calamarino,8.4,ME1027
10DPH1050,scatton@catton.com.au,712179907,Gununa,4871,F,PH,5,Sunny Catton,6.79,PH1015
10DEE1002,royal_costeira@costeira.com.au,753386357,Ellis Beach,4879,F,EE,5,Royal Costeira,4.17,EE1092
110ME1012,donte.resureccion@yahoo.com,723736048,Watsonville,4887,M,ME,4,Donte Resureccion,6.26,ME1083
10DCS1050,latricia_schmoyer@hotmail.com,854443296,Woodville,5011,M,CS,5,Latricia Schmoyer,6.67,CS1028
110EE1027,stefan_mongolo@mongolo.net.au,845636214,Port Adelaide,5015,M,EE,4,Stefan Mongolo,9.21,EE1058
110CS1049,paris.tuccio@hotmail.com,888682010,Kidman Park,5025,M,CS,4,Paris Tuccio,7.61,CS1028
10DPH1053,elin_koerner@koerner.com.au,852219700,Wayville,5034,M,PH,5,Elin Koerner,5.29,PH1019
110AE1084,hyman@hotmail.com,892809177,Flinders University,5042,F,AE,4,Hyman Hegeman,6.67,AE1000
110EE1055,bahlborn@ahlborn.com.au,845639520,Oaklands Park,5046,M,EE,4,Brent Ahlborn,8.01,EE1092
110CS1030,buck@yahoo.com,892791731,Kingswood,5062,M,CS,4,Buck Pascucci,7.38,CS1103
110EE1043,tyisha@yahoo.com,821586758,Eastwood,5063,M,EE,4,Tyisha Layland,6.65,EE1022
110CS1038,zwarman@gmail.com,899482940,Kensington Park,5068,F,CS,4,Zack Warman,4.22,CS1103
110AE1028,micaela_shiflett@shiflett.com.au,888568589,Nailsworth,5083,M,AE,4,Micaela Shiflett,4.11,AE1009
10DAE1036,francoise@hotmail.com,839149404,Klemzig,5087,M,AE,5,Francoise Byon,5.2,AE1093
110CS1045,michel@hoyne.com.au,861839260,Elizabeth West,5113,M,CS,4,Michel Hoyne,7.32,CS1006
10DAE1022,jesusita@druck.net.au,836053943,Munno Para,5115,F,AE,5,Jesusita Druck,8.12,AE1002
10DPH1054,tora@telch.net.au,888088104,Buckland Park,5120,F,PH,5,Tora Telch,4.37,PH1067
10DAE1026,fairy_burket@burket.com.au,891597562,Fairview Park,5126,F,AE,5,Fairy Burket,5.88,AE1002
110AE1066,leah@milsap.com.au,840409192,Lower Hermitage,5131,M,AE,4,Leah Milsap,7.99,AE1013
110CS1065,hildred_eilbeck@eilbeck.net.au,829224115,Longwood,5153,M,CS,4,Hildred Eilbeck,8.08,CS1027
10DPH1051,cgeorgiades@gmail.com,883433550,Trott Park,5158,M,PH,5,Carin Georgiades,6.41,PH1085
110EE1087,ronald.grube@yahoo.com,833055436,Happy Valley,5159,M,EE,4,Ronald Grube,5.72,EE1038
10DAE1044,jleuenberger@yahoo.com,812674421,Pedler Creek,5171,F,AE,5,Jeffrey Leuenberger,9.14,AE1016
10DME1017,alfred@pacleb.net.au,894507978,Willunga,5172,F,ME,5,Alfred Pacleb,7.3,ME1084
110ME1055,shayne.sundahl@gmail.com,885871196,Normanville,5204,F,ME,4,Shayne Sundahl,6.23,ME1027
10DAE1053,huey.bukovac@hotmail.com,852362143,Middleton,5213,M,AE,5,Huey Bukovac,6.44,AE1088
110ME1068,aretha_bodle@hotmail.com,873852716,Parndana,5220,M,ME,4,Aretha Bodle,8.37,ME1022
110CS1081,vlevay@levay.net.au,824015672,Tungkillo,5236,F,CS,4,Valda Levay,9.59,CS1052
110EE1093,stefany@figueras.net.au,822098647,Lenswood,5240,M,EE,4,Stefany Figueras,8.27,EE1038
10DAE1045,gennie.pastorino@gmail.com,847532870,Charleston,5244,M,AE,5,Gennie Pastorino,8.33,AE1020
110PH1056,lindsey_rathmann@rathmann.com.au,812691489,Kongorong,5291,F,PH,4,Lindsey Rathmann,9.67,PH1019
110ME1061,launa@gmail.com,898082647,Peake,5301,M,ME,4,Launa Vanauken,8.44,ME1022
110AE1062,bbogacz@hotmail.com,852032193,Sedan,5353,M,AE,4,Brice Bogacz,7,AE1002
10DCS1001,tjarding@hotmail.com,868904661,Blanchetown,5357,F,CS,5,Theron Jarding,9.2,CS1034
110CS1021,edison.sumera@sumera.net.au,891141763,Bower,5374,M,CS,4,Edison Sumera,7.08,CS1027
110EE1094,rene@burnsworth.net.au,882223171,Farrell Flat,5416,F,EE,4,Rene Burnsworth,6.33,EE1050
110CS1071,halina.dellen@dellen.com.au,867422308,Appila,5480,M,CS,4,Halina Dellen,7.26,CS1027
110CS1107,cary.orazine@hotmail.com,877188495,Melrose,5483,F,CS,4,Cary Orazine,8.13,CS1028
110PH1034,cturk@yahoo.com,847355054,Wilmington,5485,F,PH,4,Charolette Turk,5.59,PH1006
110EE1076,dominga.barchacky@hotmail.com,830879658,Port Flinders,5495,M,EE,4,Dominga Barchacky,4.8,EE1092
110EE1006,sagar@agar.net.au,891303372,Kadina,5554,M,EE,4,Sommer Agar,8.24,EE1058
110AE1056,amorguson@morguson.com.au,818951457,Weetulta,5573,M,AE,4,Alexis Morguson,6.57,AE1002
110CS1020,moira.qadir@gmail.com,876874883,Arno Bay,5603,F,CS,4,Moira Qadir,9.42,CS1051
110CS1099,ngoc_guglielmina@hotmail.com,822645559,Darke Peak,5642,F,CS,4,Ngoc Guglielmina,8.8,CS1034
10DME1026,gschmale@schmale.net.au,845642338,Wirrulla,5661,F,ME,5,Gladys Schmale,4.35,ME1072
110CS1100,audria.piccinich@gmail.com,897572379,Coober Pedy,5723,F,CS,4,Audria Piccinich,4.74,CS1051
110EE1077,domingo_mckale@mckale.net.au,899197850,Marla,5724,F,EE,4,Domingo Mckale,8.71,EE1022
10DEE1018,hphinazee@yahoo.com,857569456,Beltana,5730,M,EE,5,Hyman Phinazee,9.6,EE1058
10DEE1035,sharan@wodicka.net.au,847122157,Shenton Park,6008,F,EE,5,Sharan Wodicka,9.01,EE1022
10DPH1082,grover.reynolds@gmail.com,877853040,Innaloo,6018,F,PH,5,Grover Reynolds,5.84,PH1024
110EE1060,curtis@ware.net.au,862789532,Ridgewood,6030,M,EE,4,Curtis Ware,6.88,EE1038
110CS1070,thomasena@gmail.com,848494417,Neerabup,6031,M,CS,4,Thomasena Graziosi,7.37,CS1052
110CS1022,leatha_block@gmail.com,876358350,Two Rocks,6037,F,CS,4,Leatha Block,7.03,CS1052
110CS1089,wlary@lary.net.au,810424275,Gabbadah,6041,M,CS,4,Wilburn Lary,6.91,CS1027
10DPH1033,marci.aveline@hotmail.com,833423889,Boya,6056,M,PH,5,Marci Aveline,4.38,PH1016
110PH1058,vphay@phay.com.au,881479584,Stratton,6056,M,PH,4,Virgilio Phay,4.84,PH1062
110EE1042,lorita_roches@roches.net.au,823583115,Westminster,6061,F,EE,4,Lorita Roches,4.01,EE1050
110PH1084,johana@conquest.net.au,865797569,Paulls Valley,6076,M,PH,4,Johana Conquest,6.68,PH1006
110ME1081,alva@gmail.com,883294211,Welshpool,6106,M,ME,4,Alva Shoulders,7.26,ME1033
110AE1076,dkearsey@yahoo.com,821275977,Mount Nasura,6112,F,AE,4,Daisy Kearsey,9.68,AE1093
110ME1042,clindblom@gmail.com,879155110,Salter Point,6152,M,ME,4,Corrina Lindblom,6.44,ME1072
110CS1096,lhuntsberger@huntsberger.net.au,827043706,Willetton,6155,M,CS,4,Lauran Huntsberger,7.69,CS1028
10DME1058,tammi.schiavi@hotmail.com,897072679,Willetton,6155,M,ME,5,Tammi Schiavi,4.77,ME1027
110ME1074,yolande@yahoo.com,821362433,Canning Vale,6155,F,ME,4,Yolande Scrimsher,8.71,ME1022
110PH1072,coletta.thro@thro.net.au,819916947,North Fremantle,6159,M,PH,4,Coletta Thro,7.33,PH1085
110ME1040,chaya_muhlbauer@muhlbauer.net.au,859434352,North Dandalup,6207,M,ME,4,Chaya Muhlbauer,9.49,ME1001
110CS1077,juliann@gmail.com,835628644,Bouvard,6210,M,CS,4,Juliann Dammeyer,8.55,CS1051
10DCS1095,ettie@yahoo.com,893787021,Mandurah East,6210,F,CS,5,Ettie Luckenbach,6.22,CS1028
10DPH1020,clare_bortignon@hotmail.com,892566135,Herron,6210,M,PH,5,Clare Bortignon,8.17,PH1085
110ME1052,king@hotmail.com,876052080,Preston Beach,6215,M,ME,4,King Picton,9.18,ME1072
110PH1001,mariko_stayer@hotmail.com,855589019,Hamel,6215,M,PH,4,Mariko Stayer,8.13,PH1022
110AE1077,naomi@yahoo.com,861371726,Muja,6225,M,AE,4,Naomi Tuamoheloa,7.8,AE1009
110PH1078,yuette.metevelis@metevelis.net.au,847008894,North Boyanup,6237,F,PH,4,Yuette Metevelis,8.29,PH1022
10DAE1079,aileen_menez@menez.net.au,811962822,Manjimup,6258,F,AE,5,Aileen Menez,8,AE1013
110EE1000,sklar@hotmail.com,865228931,Nyamup,6258,M,EE,4,Sherill Klar,8.58,EE1022
110EE1009,csoros@gmail.com,826666390,Yelverton,6280,F,EE,4,Cassie Soros,9.69,EE1092
110ME1038,tkenfield@kenfield.com.au,856149153,Kealy,6280,M,ME,4,Tamra Kenfield,9.29,ME1072
110ME1047,charlena@gmail.com,876152416,Burnside,6285,F,ME,4,Charlena Decamp,7.02,ME1022
10DAE1023,delila.buchman@hotmail.com,817917668,Redgate,6286,M,AE,5,Delila Buchman,8.56,AE1034
10DAE1064,rachael@gmail.com,820898553,Inkpen,6302,F,AE,5,Rachael Crawley,4.47,AE1013
110AE1072,lashawna.filan@filan.net.au,869374366,Greenhills,6302,M,AE,4,Lashawna Filan,6.2,AE1020
110CS1086,pearly@gmail.com,834126699,Wandering,6308,M,CS,4,Pearly Hedstrom,7.72,CS1006
110CS1018,ehandler@yahoo.com,856713318,Wardering,6311,M,CS,4,Elenora Handler,7.93,CS1027
10DAE1001,idella@hotmail.com,878681355,Cartmeticup,6316,M,AE,5,Idella Scotland,8.17,AE1034
110CS1085,mkorba@hotmail.com,831742706,Dartnall,6320,F,CS,4,Myrtie Korba,9.92,CS1028
110EE1046,tamie@hollimon.com.au,870465484,Bobalong,6320,M,EE,4,Tamie Hollimon,8.64,EE1058
110EE1099,jsarp@hotmail.com,888785994,Wansbrough,6320,M,EE,4,Jessenia Sarp,5.63,EE1038
110PH1032,ibaird@baird.net.au,823255905,Goode Beach,6330,M,PH,4,Iola Baird,7.34,PH1065
10DAE1068,na_hodges@hotmail.com,882151588,Ongerup,6336,F,AE,5,Na Hodges,8.47,AE1002
10DEE1021,alona_driesenga@hotmail.com,867774159,Stirling Range National Park,6338,M,EE,5,Alona Driesenga,8.51,EE1050
110AE1015,nadine.okojie@okojie.com.au,897462341,Kukerin,6352,F,AE,4,Nadine Okojie,4.12,AE1009
10DEE1016,jarvis@gmail.com,821175217,East Newdegate,6355,F,EE,5,Jarvis Nicols,7.89,EE1050
10DEE1069,ycarabajal@carabajal.com.au,874324632,Changerup,6394,F,EE,5,Yuonne Carabajal,8.24,EE1022
110AE1058,fkloos@kloos.com.au,816874873,Rocky Gully,6397,M,AE,4,Francesco Kloos,9.63,AE1020
10DEE1063,mirene@gmail.com,880126469,Warding East,6405,M,EE,5,Mary Irene,5.83,EE1058
10DPH1044,armando.barkley@yahoo.com,881618201,Watercarrin,6407,M,PH,5,Armando Barkley,7.31,PH1065
110CS1073,ernestine.paavola@paavola.com.au,811406357,Yorkrakine,6409,F,CS,4,Ernestine Paavola,5.02,CS1028
110AE1041,mtates@yahoo.com,815204093,Cramphorne,6420,F,AE,4,Maryann Tates,7.92,AE1034
110EE1039,christiane@gmail.com,896939052,Williamstown,6430,F,EE,4,Christiane Osmanski,9.39,EE1050
110ME1077,cherry_roh@yahoo.com,851753585,North Cascade,6445,M,ME,4,Cherry Roh,8.42,ME1048
10DPH1086,mshear@hotmail.com,862706829,Scaddan,6447,F,PH,5,Micah Shear,4.09,PH1024
110AE1097,noelia@brackett.net.au,837733770,Castletown,6450,F,AE,4,Noelia Brackett,8.86,AE1093
10DEE1034,edelmira_pedregon@hotmail.com,884843223,Bandy Creek,6450,F,EE,5,Edelmira Pedregon,9.5,EE1022
110EE1096,richelle.remillard@remillard.net.au,868316370,Buraminya,6452,M,EE,4,Richelle Remillard,6.53,EE1038
110CS1040,brandee_svoboda@svoboda.net.au,836145966,Walyormouring,6460,F,CS,4,Brandee Svoboda,7.41,CS1034
10DME1041,lisbeth.agney@agney.net.au,811844145,Hindmarsh,6462,M,ME,5,Lisbeth Agney,5.88,ME1072
10DPH1009,delfina_binnie@binnie.net.au,836925784,Bimbijy,6472,F,PH,5,Delfina Binnie,6.03,PH1024
110PH1079,yuriko_kazarian@gmail.com,811095346,Mouroubra,6472,F,PH,4,Yuriko Kazarian,8.87,PH1067
110ME1036,kizzy.stangle@yahoo.com,819373980,Welbungin,6477,M,ME,4,Kizzy Stangle,8.75,ME1033
110EE1059,lamonica@hotmail.com,852272620,Beermullah,6503,F,EE,4,Lamonica Princiotta,6.89,EE1038
110CS1102,rocco@yahoo.com,839877521,Leeman,6514,F,CS,4,Rocco Bergstrom,9.51,CS1051
110AE1025,cgrafenstein@gmail.com,816247236,Hill River,6521,M,AE,4,Corazon Grafenstein,8.03,AE1016
110AE1074,omer_radel@radel.net.au,899199540,Hill River,6521,M,AE,4,Omer Radel,5.25,AE1093
110EE1052,serita_barthlow@gmail.com,829417378,Nangetty,6522,F,EE,4,Serita Barthlow,4.52,EE1038
10DCS1008,kathryn.bonalumi@yahoo.com,830712258,Tibradden,6532,M,CS,5,Kathryn Bonalumi,6.95,CS1103
10DME1082,carri_palaspas@palaspas.net.au,860691579,Minnenooka,6532,M,ME,5,Carri Palaspas,6.89,ME1033
10DPH1064,bettyann@fernades.com.au,829013421,Tibradden,6532,F,PH,5,Bettyann Fernades,6.44,PH1067
110PH1066,stanford_waganer@waganer.net.au,832001670,East Nabawa,6532,M,PH,4,Stanford Waganer,5.24,PH1085
110ME1031,denglund@gmail.com,852894594,East Bowes,6535,F,ME,4,Desiree Englund,9.84,ME1027
110EE1082,odelia.hutchin@hutchin.com.au,898951954,Gorrie,6556,M,EE,4,Odelia Hutchin,4.09,EE1038
